order_id	quantity	item_name	choice_description	item_price
1	1	Chips and Fresh Tomato Salsa	NULL	$2.39
1	1	Izze	[Clementine]	$3.39
1	1	Nantucket Nectar	[Apple]	$3.39
1	1	Chips and Tomatillo-Green Chili Salsa	NULL	$2.39
2	2	Chicken Bowl	[Tomatillo-Red Chili Salsa (Hot), [Black Beans, Rice, Cheese, Sour Cream]]	$16.98
3	1	Chicken Bowl	[Fresh Tomato Salsa (Mild), [Rice, Cheese, Sour Cream, Guacamole, Lettuce]]	$10.98
3	1	Side of Chips	NULL	$1.69
4	1	Steak Burrito	[Tomatillo Red Chili Salsa, [Fajita Vegetables, Black Beans, Pinto Beans, Cheese, Sour Cream, Guacamole, Lettuce]]	$11.75
4	1	Steak Soft Tacos	[Tomatillo Green Chili Salsa, [Pinto Beans, Cheese, Sour Cream, Lettuce]]	$9.25
5	1	Steak Burrito	[Fresh Tomato Salsa, [Rice, Black Beans, Pinto Beans, Cheese, Sour Cream, Lettuce]]	$9.25
5	1	Chips and Guacamole	NULL	$4.45
6	1	Chicken Crispy Tacos	[Roasted Chili Corn Salsa, [Fajita Vegetables, Rice, Black Beans, Cheese, Sour Cream]]	$8.75
6	1	Chicken Soft Tacos	[Roasted Chili Corn Salsa, [Rice, Black Beans, Cheese, Sour Cream]]	$8.75
7	1	Chicken Bowl	[Fresh Tomato Salsa, [Fajita Vegetables, Rice, Cheese, Sour Cream, Guacamole]]	$11.25
7	1	Chips and Guacamole	NULL	$4.45
8	1	Chips and Tomatillo-Green Chili Salsa	NULL	$2.39
8	1	Chicken Burrito	[Tomatillo-Green Chili Salsa (Medium), [Pinto Beans, Cheese, Sour Cream]]	$8.49
9	1	Chicken Burrito	[Fresh Tomato Salsa (Mild), [Black Beans, Rice, Cheese, Sour Cream, Lettuce]]	$8.49
9	2	Canned Soda	[Sprite]	$2.18
10	1	Chicken Bowl	[Tomatillo Red Chili Salsa, [Fajita Vegetables, Black Beans, Sour Cream, Cheese, Lettuce]]	$8.75
10	1	Chips and Guacamole	NULL	$4.45
11	1	Barbacoa Burrito	[[Fresh Tomato Salsa (Mild), Tomatillo-Green Chili Salsa (Medium), Tomatillo-Red Chili Salsa (Hot)], [Rice, Cheese, Sour Cream, Lettuce]]	$8.99
11	1	Nantucket Nectar	[Pomegranate Cherry]	$3.39
12	1	Chicken Burrito	[[Tomatillo-Green Chili Salsa (Medium), Tomatillo-Red Chili Salsa (Hot)], [Pinto Beans, Rice, Cheese, Sour Cream, Guacamole, Lettuce]]	$10.98
12	1	Izze	[Grapefruit]	$3.39
13	1	Chips and Fresh Tomato Salsa	NULL	$2.39
13	1	Chicken Bowl	[Roasted Chili Corn Salsa (Medium), [Pinto Beans, Rice, Fajita Veggies, Cheese, Sour Cream, Lettuce]]	$8.49
14	1	Carnitas Burrito	[[Tomatillo-Green Chili Salsa (Medium), Roasted Chili Corn Salsa (Medium)], [Black Beans, Rice, Sour Cream, Lettuce]]	$8.99
14	1	Canned Soda	[Dr. Pepper]	$1.09
15	1	Chicken Burrito	[Tomatillo-Green Chili Salsa (Medium), [Pinto Beans, Rice, Cheese, Sour Cream]]	$8.49
15	1	Chips and Tomatillo-Green Chili Salsa	NULL	$2.39
16	1	Steak Burrito	[[Roasted Chili Corn Salsa (Medium), Fresh Tomato Salsa (Mild)], [Rice, Black Beans, Sour Cream]]	$8.99
16	1	Side of Chips	NULL	$1.69
17	1	Carnitas Bowl	[Tomatillo-Red Chili Salsa (Hot), [Black Beans, Rice, Fajita Veggies, Cheese, Sour Cream, Lettuce]]	$8.99
17	1	Bottled Water	NULL	$1.09
18	1	Chicken Soft Tacos	[Roasted Chili Corn Salsa, Rice]	$8.75
18	1	Chicken Soft Tacos	[Roasted Chili Corn Salsa, [Cheese, Lettuce]]	$8.75
18	1	Chips and Guacamole	NULL	$4.45
18	1	Chips and Tomatillo Green Chili Salsa	NULL	$2.95
19	1	Barbacoa Bowl	[Roasted Chili Corn Salsa, [Fajita Vegetables, Rice, Black Beans, Cheese, Sour Cream, Guacamole, Lettuce]]	$11.75
19	1	Chips	NULL	$2.15
20	1	Chips and Guacamole	NULL	$4.45
20	1	Chicken Bowl	[Roasted Chili Corn Salsa, [Rice, Black Beans, Cheese, Sour Cream, Guacamole, Lettuce]]	$11.25
20	1	Steak Burrito	[Fresh Tomato Salsa, [Rice, Pinto Beans, Cheese, Sour Cream, Guacamole, Lettuce]]	$11.75
20	1	Chicken Salad Bowl	[Fresh Tomato Salsa, [Fajita Vegetables, Pinto Beans, Lettuce]]	$8.75
21	1	Chicken Burrito	[Tomatillo-Red Chili Salsa (Hot), [Black Beans, Fajita Veggies, Cheese, Sour Cream, Guacamole, Lettuce]]	$10.98
21	1	Steak Burrito	[Tomatillo-Red Chili Salsa (Hot), [Rice, Fajita Veggies, Cheese]]	$8.99
21	1	Izze	[Blackberry]	$3.39
22	1	Steak Burrito	[[Fresh Tomato Salsa (Mild), Roasted Chili Corn Salsa (Medium), Tomatillo-Red Chili Salsa (Hot)], [Black Beans, Rice, Sour Cream]]	$8.99
22	1	Chips and Guacamole	NULL	$3.99
23	1	Steak Burrito	[Roasted Chili Corn Salsa (Medium), [Rice, Fajita Veggies, Cheese, Sour Cream, Lettuce]]	$8.99
23	2	Canned Soda	[Mountain Dew]	$2.18
24	1	Chicken Burrito	[Roasted Chili Corn Salsa (Medium), [Black Beans, Rice, Fajita Veggies, Cheese, Sour Cream, Guacamole, Lettuce]]	$10.98
24	1	Canned Soda	[Sprite]	$1.09
25	1	Steak Bowl	[Fresh Tomato Salsa (Mild), [Black Beans, Rice, Fajita Veggies, Cheese, Sour Cream]]	$8.99
25	1	Chips and Fresh Tomato Salsa	NULL	$2.39
26	1	Barbacoa Soft Tacos	[Fresh Tomato Salsa, [Fajita Vegetables, Black Beans, Lettuce]]	$9.25
26	1	Veggie Burrito	[Tomatillo Red Chili Salsa, [Fajita Vegetables, Rice, Black Beans, Cheese, Sour Cream, Guacamole, Lettuce]]	$11.25
27	1	Barbacoa Bowl	[Roasted Chili Corn Salsa, [Fajita Vegetables, Rice, Black Beans, Cheese, Sour Cream, Guacamole, Lettuce]]	$11.75
27	1	Chips	NULL	$2.15
28	1	Chips and Guacamole	NULL	$4.45
28	1	Steak Soft Tacos	[Fresh Tomato Salsa, Cheese]	$9.25
28	1	Veggie Bowl	[Fresh Tomato Salsa, [Fajita Vegetables, Rice, Black Beans, Cheese, Sour Cream, Guacamole, Lettuce]]	$11.25
28	1	Chicken Burrito	[Fresh Tomato Salsa, [Rice, Black Beans, Cheese]]	$8.75
29	1	Steak Burrito	[Tomatillo-Red Chili Salsa (Hot), [Black Beans, Rice, Fajita Veggies, Cheese, Sour Cream, Lettuce]]	$8.99
29	1	Steak Soft Tacos	[Tomatillo-Red Chili Salsa (Hot), [Rice, Cheese, Sour Cream, Lettuce]]	$8.99
30	1	Izze	[Blackberry]	$3.39
30	1	Steak Burrito	[Tomatillo-Red Chili Salsa (Hot), [Rice, Cheese]]	$8.99
30	1	Chicken Burrito	[Tomatillo-Red Chili Salsa (Hot), [Black Beans, Fajita Veggies, Cheese, Sour Cream, Guacamole, Lettuce]]	$10.98
31	1	Steak Burrito	[Roasted Chili Corn Salsa (Medium), [Rice, Black Beans, Sour Cream]]	$8.99
31	1	Side of Chips	NULL	$1.69
32	1	Steak Burrito	[Tomatillo-Red Chili Salsa (Hot), [Black Beans, Rice, Cheese, Sour Cream, Lettuce]]	$8.99
32	1	Chips and Guacamole	NULL	$3.99
33	1	Chicken Burrito	[Tomatillo Red Chili Salsa, [Rice, Black Beans, Cheese, Sour Cream]]	$8.75
33	1	Chips and Guacamole	NULL	$4.45
34	1	Chicken Soft Tacos	[Tomatillo Red Chili Salsa, [Rice, Cheese, Sour Cream, Lettuce]]	$8.75
34	1	Chicken Bowl	[Fresh Tomato Salsa, [Rice, Black Beans, Pinto Beans, Cheese, Lettuce]]	$8.75
34	1	Chips	NULL	$2.15
34	1	Chicken Bowl	[Fresh Tomato Salsa, [Rice, Black Beans, Cheese, Sour Cream, Lettuce]]	$8.75
35	1	Chicken Soft Tacos	[Roasted Chili Corn Salsa, [Rice, Cheese, Lettuce, Guacamole]]	$11.25
35	1	Chips	NULL	$2.15
36	1	Barbacoa Burrito	[Fresh Tomato Salsa, [Rice, Pinto Beans, Cheese, Sour Cream, Lettuce]]	$9.25
36	1	Chicken Burrito	[Fresh Tomato Salsa, [Rice, Black Beans, Cheese, Sour Cream, Lettuce]]	$8.75
37	1	Chicken Burrito	[Tomatillo Green Chili Salsa, [Rice, Black Beans, Sour Cream, Cheese]]	$8.75
37	1	Steak Soft Tacos	[Tomatillo Red Chili Salsa]	$9.25
38	1	Veggie Bowl	[Tomatillo-Red Chili Salsa (Hot), [Pinto Beans, Black Beans, Rice, Fajita Veggies, Lettuce]]	$8.49
38	1	Steak Bowl	[Tomatillo-Red Chili Salsa (Hot), [Pinto Beans, Rice, Fajita Veggies, Cheese, Lettuce]]	$8.99
38	1	Bottled Water	NULL	$1.09
39	1	Carnitas Burrito	[Fresh Tomato Salsa, [Rice, Pinto Beans, Sour Cream, Cheese]]	$9.25
39	1	Chips and Fresh Tomato Salsa	NULL	$2.95
40	1	Steak Bowl	[Fresh Tomato Salsa, [Rice, Black Beans, Cheese, Sour Cream, Guacamole]]	$11.75
40	1	Steak Bowl	[Fresh Tomato Salsa, [Fajita Vegetables, Cheese, Sour Cream, Guacamole]]	$11.75
40	1	Steak Crispy Tacos	[Fresh Tomato Salsa, Sour Cream]	$9.25
41	1	Carnitas Burrito	[Roasted Chili Corn Salsa, [Sour Cream, Guacamole]]	$11.75
41	1	Chips and Guacamole	NULL	$4.45
42	1	Barbacoa Bowl	[Fresh Tomato Salsa, [Fajita Vegetables, Rice, Cheese, Sour Cream]]	$9.25
42	1	Chips and Guacamole	NULL	$4.45
43	1	Carnitas Bowl	[Fresh Tomato Salsa, [Fajita Vegetables, Rice, Black Beans, Cheese, Guacamole, Lettuce]]	$11.75
43	1	Chicken Burrito	[Tomatillo Red Chili Salsa, [Rice, Black Beans, Cheese]]	$8.75
44	1	Chicken Bowl	[Tomatillo Red Chili Salsa, [Rice, Fajita Vegetables, Sour Cream, Lettuce]]	$8.75
44	1	Chips and Guacamole	NULL	$4.45
45	1	Steak Burrito	[Tomatillo-Green Chili Salsa (Medium), [Rice, Cheese, Sour Cream, Lettuce]]	$8.99
45	1	Steak Bowl	[Tomatillo-Green Chili Salsa (Medium), [Rice, Cheese, Sour Cream, Lettuce]]	$8.99
45	1	Chips and Guacamole	NULL	$3.99
46	1	Veggie Burrito	[Fresh Tomato Salsa (Mild), [Black Beans, Rice, Fajita Veggies, Sour Cream, Lettuce]]	$8.49
46	1	Nantucket Nectar	[Pineapple Orange Banana]	$3.39
47	1	Steak Burrito	[Roasted Chili Corn Salsa (Medium), [Rice, Black Beans, Fajita Veggies, Sour Cream]]	$8.99
47	1	Canned Soda	[Dr. Pepper]	$1.09
48	1	Steak Burrito	[Roasted Chili Corn Salsa, [Fajita Vegetables, Rice, Cheese, Sour Cream, Lettuce]]	$9.25
48	1	Chips and Guacamole	NULL	$4.45
49	1	Chicken Bowl	[Tomatillo Red Chili Salsa, [Rice, Black Beans, Cheese, Sour Cream, Lettuce]]	$8.75
49	1	Chips and Tomatillo Red Chili Salsa	NULL	$2.95
49	1	Chips and Guacamole	NULL	$4.45
50	1	Chips and Tomatillo-Green Chili Salsa	NULL	$2.39
50	1	Chicken Burrito	[Tomatillo-Green Chili Salsa (Medium), [Pinto Beans, Rice, Cheese, Sour Cream]]	$8.49
51	1	Barbacoa Bowl	[[Tomatillo-Red Chili Salsa (Hot), Tomatillo-Green Chili Salsa (Medium)], [Rice, Pinto Beans, Fajita Veggies, Cheese, Sour Cream, Lettuce]]	$8.99
51	1	Chicken Burrito	[[Tomatillo-Red Chili Salsa (Hot), Tomatillo-Green Chili Salsa (Medium)], [Rice, Pinto Beans, Cheese, Lettuce]]	$8.49
51	1	Canned Soda	[Diet Dr. Pepper]	$1.09
52	1	Steak Soft Tacos	[[Roasted Chili Corn Salsa (Medium), Tomatillo-Red Chili Salsa (Hot)], [Cheese, Sour Cream, Lettuce]]	$8.99
52	1	Chips and Guacamole	NULL	$3.99
53	1	Chicken Burrito	[Tomatillo Red Chili Salsa, [Rice, Black Beans, Sour Cream, Cheese, Lettuce]]	$8.75
53	1	Barbacoa Burrito	[Tomatillo Green Chili Salsa, [Rice, Black Beans, Sour Cream, Cheese, Lettuce]]	$9.25
53	1	Chips and Guacamole	NULL	$4.45
54	1	Chicken Bowl	[Fresh Tomato Salsa, [Guacamole, Cheese, Sour Cream, Fajita Vegetables, Rice]]	$11.25
54	1	Chips and Guacamole	NULL	$4.45
55	1	Steak Burrito	[Roasted Chili Corn Salsa (Medium), [Rice, Black Beans, Fajita Veggies, Sour Cream]]	$8.99
55	1	Canned Soda	[Coca Cola]	$1.09
56	1	Barbacoa Bowl	[Tomatillo Red Chili Salsa, [Rice, Pinto Beans, Cheese, Lettuce]]	$9.25
56	1	Chips and Tomatillo Red Chili Salsa	NULL	$2.95
56	1	Chips and Guacamole	NULL	$4.45
57	1	Barbacoa Burrito	[Roasted Chili Corn Salsa, [Rice, Pinto Beans, Cheese, Guacamole, Lettuce]]	$11.75
57	1	Chips and Guacamole	NULL	$4.45
58	1	Chicken Burrito	[Tomatillo-Green Chili Salsa (Medium), [Pinto Beans, Rice, Cheese, Sour Cream]]	$8.49
58	1	Chips and Tomatillo-Green Chili Salsa	NULL	$2.39
59	1	Chicken Burrito	[Roasted Chili Corn Salsa (Medium), [Rice, Black Beans, Sour Cream, Guacamole]]	$10.98
60	2	Chicken Salad Bowl	[Tomatillo Green Chili Salsa, [Sour Cream, Cheese, Guacamole]]	$22.50
61	1	Barbacoa Bowl	[Tomatillo Red Chili Salsa, [Fajita Vegetables, Rice, Black Beans, Cheese, Sour Cream, Guacamole, Lettuce]]	$11.75
61	1	Chips and Guacamole	NULL	$4.45
62	1	Chicken Bowl	[Fresh Tomato Salsa, [Rice, Fajita Vegetables, Sour Cream, Cheese, Guacamole]]	$11.25
62	1	Chips and Guacamole	NULL	$4.45
63	1	Chicken Bowl	[Tomatillo Green Chili Salsa, [Rice, Sour Cream, Cheese, Guacamole]]	$11.25
63	1	Chips and Guacamole	NULL	$4.45
64	1	Chicken Bowl	[Fresh Tomato Salsa, [Fajita Vegetables, Rice, Black Beans, Cheese, Guacamole, Lettuce]]	$11.25
64	1	Veggie Bowl	[Tomatillo Red Chili Salsa, [Fajita Vegetables, Black Beans, Cheese, Guacamole, Lettuce]]	$11.25
65	1	Barbacoa Burrito	[Tomatillo Red Chili Salsa, [Rice, Sour Cream, Cheese, Guacamole]]	$11.75
65	1	Carnitas Bowl	[Roasted Chili Corn Salsa, [Rice, Fajita Vegetables, Black Beans, Sour Cream, Cheese]]	$9.25
65	1	Chips and Guacamole	NULL	$4.45
66	1	Steak Burrito	[Tomatillo-Green Chili Salsa (Medium), [Rice, Black Beans, Sour Cream, Guacamole]]	$11.48
67	2	Steak Burrito	[Tomatillo-Red Chili Salsa (Hot), [Rice, Cheese, Sour Cream, Lettuce]]	$17.98
67	1	Side of Chips	NULL	$1.69
68	2	Chicken Burrito	[Tomatillo Red Chili Salsa, [Rice, Black Beans, Sour Cream, Cheese, Lettuce]]	$17.50
68	1	Chips and Guacamole	NULL	$4.45
69	1	Chicken Burrito	[Tomatillo-Green Chili Salsa (Medium), [Pinto Beans, Rice, Cheese, Sour Cream]]	$8.49
69	1	Chips and Tomatillo-Green Chili Salsa	NULL	$2.39
70	2	Chicken Bowl	[Fresh Tomato Salsa, [Fajita Vegetables, Rice, Lettuce]]	$17.50
70	1	Chips and Guacamole	NULL	$4.45
71	1	Chips and Guacamole	NULL	$4.45
71	1	Veggie Bowl	[Tomatillo Red Chili Salsa, [Fajita Vegetables, Rice, Black Beans, Cheese, Guacamole, Lettuce]]	$11.25
71	1	Steak Burrito	[Tomatillo Green Chili Salsa, [Rice, Cheese, Guacamole, Lettuce]]	$11.75
72	1	Chicken Burrito	[[Roasted Chili Corn Salsa (Medium), Tomatillo-Red Chili Salsa (Hot)], [Black Beans, Rice, Fajita Veggies, Cheese, Sour Cream, Guacamole, Lettuce]]	$10.98
73	1	Chicken Bowl	[Fresh Tomato Salsa (Mild), [Black Beans, Rice, Fajita Veggies, Cheese, Sour Cream, Lettuce]]	$8.49
73	1	Chicken Burrito	[[Roasted Chili Corn Salsa (Medium), Tomatillo-Red Chili Salsa (Hot)], [Black Beans, Rice, Fajita Veggies, Cheese, Guacamole, Lettuce]]	$10.98
73	2	Canned Soda	[Diet Coke]	$2.18
74	1	Carnitas Bowl	[Roasted Chili Corn Salsa (Medium), [Pinto Beans, Rice, Fajita Veggies, Cheese, Sour Cream, Guacamole, Lettuce]]	$11.48
74	1	Veggie Bowl	[[Fresh Tomato Salsa (Mild), Roasted Chili Corn Salsa (Medium)], [Black Beans, Rice, Fajita Veggies, Cheese, Sour Cream, Lettuce]]	$8.49
74	1	Chips and Tomatillo-Green Chili Salsa	NULL	$2.39
75	1	Chips and Guacamole	NULL	$4.45
75	1	Chicken Burrito	[Tomatillo Red Chili Salsa, [Rice, Black Beans, Cheese, Guacamole, Lettuce]]	$11.25
75	1	Barbacoa Crispy Tacos	[Tomatillo Red Chili Salsa, [Rice, Black Beans, Cheese, Sour Cream, Guacamole]]	$11.75
75	1	Chicken Burrito	[Tomatillo Red Chili Salsa, [Rice, Cheese, Sour Cream]]	$8.75
76	1	Chicken Burrito	[[Tomatillo-Red Chili Salsa (Hot), Fresh Tomato Salsa (Mild)], [Rice, Black Beans, Cheese, Lettuce]]	$8.49
76	2	Canned Soda	[Diet Dr. Pepper]	$2.18
77	1	Chicken Burrito	[Tomatillo-Red Chili Salsa (Hot), [Black Beans, Rice, Cheese, Sour Cream, Lettuce]]	$8.49
77	1	Nantucket Nectar	[Apple]	$3.39
78	1	Chicken Burrito	[Tomatillo-Green Chili Salsa (Medium), Lettuce]	$8.49
78	1	Steak Soft Tacos	[Roasted Chili Corn Salsa (Medium), Lettuce]	$8.99
79	1	Chicken Bowl	[Roasted Chili Corn Salsa (Medium), [Black Beans, Rice, Fajita Veggies, Cheese, Sour Cream, Guacamole, Lettuce]]	$10.98
80	1	Steak Burrito	[Fresh Tomato Salsa (Mild), [Rice, Black Beans, Sour Cream, Guacamole]]	$11.48
81	1	Chicken Burrito	[Tomatillo-Green Chili Salsa (Medium), [Rice, Fajita Veggies, Cheese, Sour Cream]]	$8.49
81	1	Canned Soda	[Coca Cola]	$1.09
81	1	Canned Soda	[Dr. Pepper]	$1.09
82	1	Barbacoa Soft Tacos	[Tomatillo Red Chili Salsa, [Rice, Pinto Beans, Cheese, Sour Cream]]	$9.25
82	1	Chicken Bowl	[Fresh Tomato Salsa, [Rice, Black Beans, Sour Cream]]	$8.75
82	1	Chips and Fresh Tomato Salsa	NULL	$2.95
83	1	Steak Soft Tacos	[Fresh Tomato Salsa, [Cheese, Sour Cream]]	$9.25
83	1	Chips and Guacamole	NULL	$4.45
83	1	Veggie Salad Bowl	[Fresh Tomato Salsa, [Fajita Vegetables, Rice, Black Beans, Cheese, Sour Cream, Guacamole, Lettuce]]	$11.25
84	1	Steak Bowl	[Fresh Tomato Salsa (Mild), [Rice, Fajita Veggies, Guacamole, Lettuce]]	$11.48
84	1	Chicken Burrito	[Roasted Chili Corn Salsa (Medium), [Rice, Cheese, Sour Cream, Lettuce]]	$8.49
84	1	Chicken Burrito	[Roasted Chili Corn Salsa (Medium), [Rice, Cheese, Lettuce]]	$8.49
85	1	Steak Burrito	[Roasted Chili Corn Salsa (Medium), [Fajita Veggies, Cheese, Lettuce, Sour Cream, Rice]]	$8.99
85	1	Chips and Roasted Chili-Corn Salsa	NULL	$2.39
86	1	Veggie Bowl	[Roasted Chili Corn Salsa, [Fajita Vegetables, Rice, Cheese, Sour Cream, Guacamole, Lettuce]]	$11.25
86	1	Chicken Bowl	[Fresh Tomato Salsa, [Rice, Cheese, Sour Cream]]	$8.75
86	1	Chips and Fresh Tomato Salsa	NULL	$2.95
87	1	Canned Soda	[Coca Cola]	$1.09
87	1	Steak Burrito	[Roasted Chili Corn Salsa (Medium), [Rice, Black Beans, Sour Cream]]	$8.99
88	1	Chicken Burrito	[Tomatillo-Green Chili Salsa (Medium), [Pinto Beans, Rice, Cheese, Sour Cream]]	$8.49
88	1	Chips and Tomatillo-Green Chili Salsa	NULL	$2.39
89	1	Chicken Bowl	[[Roasted Chili Corn Salsa (Medium), Tomatillo-Red Chili Salsa (Hot)], [Black Beans, Rice, Fajita Veggies, Guacamole, Lettuce]]	$10.98
89	1	Canned Soda	[Diet Coke]	$1.09
89	1	Chips and Guacamole	NULL	$3.99
90	1	Chicken Burrito	[Tomatillo Red Chili Salsa, [Rice, Black Beans, Sour Cream, Cheese, Lettuce, Guacamole]]	$11.25
90	1	Chicken Burrito	[Tomatillo Green Chili Salsa, [Rice, Pinto Beans, Sour Cream, Cheese, Lettuce]]	$8.75
91	1	Chicken Burrito	[Tomatillo-Red Chili Salsa (Hot), [Black Beans, Rice, Cheese, Sour Cream, Lettuce]]	$8.49
91	1	Nantucket Nectar	[Peach Orange]	$3.39
92	1	Chicken Bowl	[Fresh Tomato Salsa, [Rice, Cheese, Lettuce]]	$8.75
92	1	Steak Bowl	[Roasted Chili Corn Salsa, [Rice, Black Beans, Cheese, Sour Cream, Lettuce]]	$9.25
92	1	Chips	NULL	$2.15
93	1	Chicken Bowl	[Roasted Chili Corn Salsa, [Fajita Vegetables, Rice, Black Beans, Cheese, Sour Cream, Guacamole, Lettuce]]	$11.25
93	1	Veggie Bowl	[Roasted Chili Corn Salsa, [Rice, Black Beans, Cheese, Sour Cream, Guacamole, Lettuce]]	$11.25
93	1	Chicken Bowl	[Roasted Chili Corn Salsa, [Fajita Vegetables, Rice, Black Beans, Pinto Beans, Cheese, Sour Cream, Guacamole, Lettuce]]	$11.25
93	1	Chips and Guacamole	NULL	$4.45
94	2	Chicken Salad Bowl	[Fresh Tomato Salsa, [Fajita Vegetables, Pinto Beans, Guacamole]]	$22.50
95	1	Chips and Guacamole	NULL	$4.45
95	1	Steak Bowl	[Tomatillo Green Chili Salsa, [Fajita Vegetables, Rice, Black Beans, Cheese, Guacamole, Lettuce]]	$11.75
96	1	Chicken Burrito	[Tomatillo Red Chili Salsa, [Rice, Black Beans, Cheese, Sour Cream]]	$8.75
96	2	Chicken Crispy Tacos	[Tomatillo Red Chili Salsa, [Cheese, Sour Cream, Lettuce]]	$17.50
96	1	Chicken Bowl	[Tomatillo Green Chili Salsa, [Rice, Black Beans, Cheese, Sour Cream]]	$8.75
97	1	Barbacoa Bowl	[Tomatillo Red Chili Salsa, [Rice, Black Beans, Cheese]]	$9.25
97	1	Chicken Bowl	[Roasted Chili Corn Salsa, [Rice, Black Beans, Cheese, Sour Cream]]	$8.75
97	1	Chips	NULL	$2.15
98	1	Barbacoa Burrito	[Tomatillo Red Chili Salsa, [Rice, Cheese, Lettuce]]	$9.25
98	2	Chips	NULL	$4.30
98	1	Chicken Bowl	[Tomatillo Green Chili Salsa, [Rice, Pinto Beans, Sour Cream, Lettuce]]	$8.75
99	1	Veggie Burrito	[Tomatillo Red Chili Salsa, [Black Beans, Cheese, Guacamole]]	$11.25
99	1	Chips	NULL	$2.15
100	1	Steak Burrito	[Roasted Chili Corn Salsa (Medium), [Rice, Black Beans, Sour Cream]]	$8.99
100	1	Canned Soda	[Mountain Dew]	$1.09
101	1	Steak Burrito	[Tomatillo-Green Chili Salsa (Medium), [Black Beans, Rice, Cheese, Sour Cream, Lettuce]]	$8.99
101	1	Chips and Guacamole	NULL	$3.99
102	1	Chicken Bowl	[Fresh Tomato Salsa, [Fajita Vegetables, Rice, Black Beans, Cheese, Sour Cream, Lettuce]]	$8.75
102	1	Chips and Tomatillo Green Chili Salsa	NULL	$2.95
102	1	Chips and Roasted Chili Corn Salsa	NULL	$2.95
103	1	Steak Burrito	[Tomatillo Red Chili Salsa, [Rice, Black Beans, Cheese, Sour Cream, Guacamole, Lettuce]]	$11.75
103	2	Chips and Tomatillo Green Chili Salsa	NULL	$5.90
103	1	Steak Burrito	[Tomatillo Red Chili Salsa, [Rice, Black Beans, Cheese]]	$9.25
103	1	Carnitas Soft Tacos	[Tomatillo Green Chili Salsa, [Fajita Vegetables, Pinto Beans, Cheese]]	$9.25
103	1	Steak Burrito	[Tomatillo Red Chili Salsa, [Rice, Black Beans, Cheese, Sour Cream, Guacamole, Lettuce]]	$11.75
104	1	Carnitas Burrito	[Fresh Tomato Salsa, [Rice, Pinto Beans, Sour Cream, Cheese]]	$9.25
104	1	Chips and Fresh Tomato Salsa	NULL	$2.95
105	2	Chicken Burrito	[Tomatillo Red Chili Salsa, [Rice, Black Beans, Cheese, Sour Cream, Lettuce]]	$17.50
106	1	Chicken Burrito	[Fresh Tomato Salsa, [Rice, Pinto Beans, Cheese, Sour Cream]]	$8.75
106	1	Steak Bowl	[Fresh Tomato Salsa, [Rice, Black Beans, Pinto Beans, Cheese, Sour Cream]]	$9.25
107	1	Chicken Burrito	[Roasted Chili Corn Salsa (Medium), [Rice, Fajita Veggies, Cheese, Sour Cream, Guacamole, Lettuce]]	$10.98
108	1	Steak Burrito	[Roasted Chili Corn Salsa (Medium), [Rice, Fajita Veggies, Cheese, Lettuce]]	$8.99
108	1	Canned Soda	[Mountain Dew]	$1.09
108	1	Canned Soda	[Dr. Pepper]	$1.09
108	1	Canned Soda	[Mountain Dew]	$1.09
108	1	Barbacoa Burrito	[[Tomatillo-Red Chili Salsa (Hot), Fresh Tomato Salsa (Mild), Tomatillo-Green Chili Salsa (Medium)], [Rice, Pinto Beans, Cheese]]	$8.99
109	1	Chicken Salad	[Roasted Chili Corn Salsa (Medium), [Black Beans, Rice, Fajita Veggies, Cheese, Sour Cream, Guacamole, Lettuce]]	$10.98
109	1	Canned Soda	[Diet Dr. Pepper]	$1.09
110	1	Chicken Bowl	[Tomatillo Red Chili Salsa, [Rice, Cheese, Lettuce]]	$8.75
110	1	Veggie Bowl	[Roasted Chili Corn Salsa, [Rice, Pinto Beans, Cheese, Sour Cream]]	$8.75
110	1	Barbacoa Bowl	[Tomatillo Red Chili Salsa, [Rice, Cheese, Lettuce]]	$9.25
110	1	Barbacoa Crispy Tacos	[Roasted Chili Corn Salsa, [Rice, Cheese, Lettuce]]	$9.25
111	1	Chicken Salad Bowl	[Fresh Tomato Salsa, [Fajita Vegetables, Rice, Cheese, Sour Cream, Lettuce]]	$8.75
111	1	Chicken Bowl	[Fresh Tomato Salsa, [Rice, Black Beans, Cheese]]	$8.75
112	1	Steak Burrito	[Tomatillo-Red Chili Salsa (Hot), [Pinto Beans, Rice, Fajita Veggies, Cheese, Sour Cream]]	$8.99
112	1	Steak Bowl	[Tomatillo-Red Chili Salsa (Hot), [Pinto Beans, Rice, Fajita Veggies, Cheese, Sour Cream]]	$8.99
113	1	Steak Bowl	[Roasted Chili Corn Salsa (Medium), [Rice, Black Beans, Sour Cream]]	$8.99
113	1	Canned Soda	[Mountain Dew]	$1.09
114	1	Steak Bowl	[Fresh Tomato Salsa, [Fajita Vegetables, Cheese, Sour Cream, Guacamole, Lettuce]]	$11.75
114	1	Canned Soft Drink	[Coke]	$1.25
115	1	Steak Burrito	[Roasted Chili Corn Salsa (Medium), [Black Beans, Rice]]	$8.99
115	1	Chips and Fresh Tomato Salsa	NULL	$2.39
116	1	Steak Soft Tacos	[Fresh Tomato Salsa, [Rice, Cheese, Lettuce]]	$9.25
116	1	Chips and Fresh Tomato Salsa	NULL	$2.95
117	1	Barbacoa Soft Tacos	[Tomatillo-Red Chili Salsa (Hot), [Pinto Beans, Cheese, Sour Cream, Lettuce]]	$8.99
117	1	Chips and Guacamole	NULL	$3.99
118	1	Chicken Burrito	[Tomatillo-Green Chili Salsa (Medium), [Pinto Beans, Rice, Cheese, Sour Cream]]	$8.49
118	1	Chips and Tomatillo-Green Chili Salsa	NULL	$2.39
119	1	Chicken Burrito	[[Fresh Tomato Salsa (Mild), Roasted Chili Corn Salsa (Medium)], [Pinto Beans, Rice, Fajita Veggies, Cheese, Sour Cream, Lettuce]]	$8.49
119	1	Chicken Burrito	[Roasted Chili Corn Salsa (Medium), [Black Beans, Rice, Cheese, Sour Cream, Lettuce]]	$8.49
120	1	Chicken Burrito	[Tomatillo-Red Chili Salsa (Hot), [Black Beans, Rice, Cheese]]	$8.49
120	1	Side of Chips	NULL	$1.69
121	1	Chicken Burrito	[Fresh Tomato Salsa (Mild), [Black Beans, Rice, Cheese, Sour Cream]]	$8.49
121	1	Chips and Guacamole	NULL	$3.99
122	1	Steak Soft Tacos	[Tomatillo-Red Chili Salsa (Hot), [Rice, Cheese, Lettuce]]	$8.99
122	1	Side of Chips	NULL	$1.69
122	1	Canned Soda	[Coca Cola]	$1.09
123	2	Steak Salad Bowl	[Tomatillo Red Chili Salsa, [Black Beans, Cheese, Guacamole]]	$23.78
124	2	Chicken Bowl	[Fresh Tomato Salsa, [Rice, Black Beans, Cheese, Sour Cream]]	$17.50
124	1	Chips	NULL	$2.15
124	1	Chicken Bowl	[Fresh Tomato Salsa, [Rice, Cheese, Sour Cream]]	$8.75
125	1	Steak Bowl	[Roasted Chili Corn Salsa, [Fajita Vegetables, Rice, Lettuce]]	$9.25
125	1	Steak Bowl	[Roasted Chili Corn Salsa, [Rice, Black Beans, Cheese, Sour Cream, Lettuce]]	$9.25
125	1	Veggie Bowl	[Roasted Chili Corn Salsa, [Fajita Vegetables, Rice, Black Beans, Cheese, Sour Cream, Lettuce]]	$8.75
125	1	Chips and Guacamole	NULL	$4.45
126	1	Chicken Burrito	[Fresh Tomato Salsa, [Rice, Cheese, Sour Cream]]	$8.75
126	1	Chicken Bowl	[Roasted Chili Corn Salsa, [Fajita Vegetables, Rice, Black Beans, Guacamole, Lettuce]]	$11.25
127	1	Chicken Bowl	[Tomatillo Green Chili Salsa, [Rice, Sour Cream, Guacamole, Lettuce]]	$11.25
127	1	Canned Soft Drink	[Sprite]	$1.25
128	1	Steak Soft Tacos	[Fresh Tomato Salsa, [Cheese, Sour Cream]]	$9.25
128	1	Chips and Guacamole	NULL	$4.45
128	1	Veggie Salad Bowl	[Fresh Tomato Salsa, [Fajita Vegetables, Lettuce, Guacamole, Sour Cream, Cheese, Black Beans, Rice]]	$11.25
129	1	Steak Burrito	[Tomatillo Green Chili Salsa, [Rice, Cheese, Guacamole]]	$11.75
129	1	Steak Burrito	[Tomatillo Green Chili Salsa, [Rice, Cheese, Guacamole]]	$11.75
129	1	6 Pack Soft Drink	[Sprite]	$6.49
130	1	Steak Soft Tacos	[Tomatillo-Red Chili Salsa (Hot), Lettuce]	$8.99
130	1	Chips and Tomatillo-Red Chili Salsa	NULL	$2.39
131	1	Chicken Bowl	[Fresh Tomato Salsa (Mild), [Rice, Fajita Veggies, Cheese, Sour Cream, Lettuce]]	$8.49
131	1	Chips and Fresh Tomato Salsa	NULL	$2.39
132	1	Chicken Bowl	[Fresh Tomato Salsa, [Rice, Black Beans, Cheese, Sour Cream, Guacamole, Lettuce]]	$11.25
132	1	Chicken Bowl	[Fresh Tomato Salsa, [Rice, Black Beans, Cheese, Sour Cream, Lettuce]]	$8.75
132	1	Chips	NULL	$2.15
133	1	Steak Bowl	[Roasted Chili Corn Salsa (Medium), [Rice, Black Beans, Sour Cream]]	$8.99
133	1	Side of Chips	NULL	$1.69
134	1	Chicken Burrito	[Tomatillo Red Chili Salsa, [Rice, Black Beans, Cheese, Lettuce]]	$8.75
134	1	Chicken Burrito	[Tomatillo Red Chili Salsa, [Rice, Black Beans, Cheese, Sour Cream, Guacamole, Lettuce]]	$11.25
134	1	Chips	NULL	$2.15
135	1	Chips and Guacamole	NULL	$4.45
135	1	Chicken Bowl	[Fresh Tomato Salsa, [Rice, Black Beans, Cheese, Sour Cream]]	$8.75
136	1	Chicken Soft Tacos	[Tomatillo-Red Chili Salsa (Hot), Fajita Veggies]	$8.49
136	1	Steak Burrito	[Tomatillo-Green Chili Salsa (Medium), [Cheese, Lettuce]]	$8.99
137	2	Chicken Salad Bowl	[Fresh Tomato Salsa, Fajita Vegetables]	$17.50
138	1	Chicken Burrito	[Roasted Chili Corn Salsa (Medium), [Rice, Fajita Veggies, Cheese]]	$8.49
138	1	Canned Soda	[Diet Coke]	$1.09
138	1	Bottled Water	NULL	$1.09
139	1	Chicken Bowl	[Fresh Tomato Salsa, [Fajita Vegetables, Rice, Black Beans, Sour Cream]]	$8.75
139	1	Canned Soft Drink	[Coke]	$1.25
139	1	Chips	NULL	$2.15
140	1	Steak Burrito	[Fresh Tomato (Mild), [Lettuce, Guacamole, Rice, Cheese]]	$11.08
141	1	Chicken Burrito	[Roasted Chili Corn Salsa (Medium), [Pinto Beans, Black Beans, Rice, Fajita Veggies, Cheese, Sour Cream, Lettuce]]	$8.49
141	1	Chicken Soft Tacos	[[Roasted Chili Corn Salsa (Medium), Tomatillo-Red Chili Salsa (Hot)], [Rice, Fajita Veggies, Cheese, Lettuce]]	$8.49
142	1	Steak Burrito	[Roasted Chili Corn Salsa (Medium), Rice]	$8.99
142	1	Chips and Fresh Tomato Salsa	NULL	$2.39
143	1	Chicken Bowl	[Tomatillo Red Chili Salsa, [Rice, Cheese]]	$8.75
143	1	Chips	NULL	$2.15
143	1	Bottled Water	NULL	$1.50
144	1	Chicken Burrito	[Fresh Tomato Salsa, [Rice, Black Beans, Cheese, Sour Cream, Guacamole, Lettuce]]	$11.25
144	1	Chips	NULL	$2.15
145	1	Chicken Soft Tacos	[Fresh Tomato Salsa (Mild), [Black Beans, Rice, Cheese, Sour Cream, Lettuce]]	$8.49
145	1	Chicken Soft Tacos	[Fresh Tomato Salsa (Mild), [Rice, Cheese, Sour Cream]]	$8.49
146	1	Barbacoa Burrito	[Roasted Chili Corn Salsa, [Rice, Black Beans, Cheese, Guacamole, Lettuce]]	$11.75
146	1	Steak Burrito	[Roasted Chili Corn Salsa, [Fajita Vegetables, Rice, Cheese, Lettuce]]	$9.25
147	1	Steak Bowl	[Tomatillo Red Chili Salsa, [Fajita Vegetables, Cheese, Guacamole, Lettuce]]	$11.75
147	1	Canned Soft Drink	[Coke]	$1.25
148	1	Chicken Burrito	[Tomatillo Red Chili Salsa, [Rice, Black Beans, Sour Cream, Cheese, Lettuce, Guacamole]]	$11.25
148	1	Chicken Burrito	[Tomatillo Green Chili Salsa, [Rice, Pinto Beans, Sour Cream, Cheese, Lettuce]]	$8.75
148	1	Chips and Guacamole	NULL	$4.45
148	1	6 Pack Soft Drink	[Diet Coke]	$6.49
149	1	Steak Soft Tacos	[Fresh Tomato Salsa, [Fajita Vegetables, Rice, Cheese, Sour Cream, Lettuce]]	$9.25
149	1	Chips and Fresh Tomato Salsa	NULL	$2.95
149	1	Chicken Soft Tacos	[Fresh Tomato Salsa, [Fajita Vegetables, Cheese, Guacamole, Lettuce]]	$11.25
149	1	Chips and Guacamole	NULL	$4.45
149	1	Canned Soft Drink	[Lemonade]	$1.25
149	1	Canned Soft Drink	[Sprite]	$1.25
150	1	Chicken Bowl	[Tomatillo-Red Chili Salsa (Hot), [Rice, Fajita Veggies, Cheese, Sour Cream, Lettuce]]	$8.49
150	1	Chips and Tomatillo-Red Chili Salsa	NULL	$2.39
150	2	Canned Soda	[Diet Coke]	$2.18
151	1	Chicken Burrito	[Tomatillo-Red Chili Salsa (Hot), [Black Beans, Rice, Cheese]]	$8.49
151	2	Canned Soda	[Coca Cola]	$2.18
152	2	Steak Burrito	[Fresh Tomato (Mild), [Lettuce, Guacamole, Rice, Cheese]]	$22.16
153	2	Chicken Soft Tacos	[Fresh Tomato Salsa, Sour Cream]	$17.50
154	1	Chicken Burrito	[Tomatillo Green Chili Salsa, [Fajita Vegetables, Rice, Cheese, Sour Cream, Lettuce]]	$8.75
154	1	Chips and Tomatillo Red Chili Salsa	NULL	$2.95
154	1	6 Pack Soft Drink	[Coke]	$6.49
155	1	Steak Burrito	[Fresh Tomato Salsa (Mild), [Pinto Beans, Cheese, Sour Cream]]	$8.99
155	1	Izze	[Blackberry]	$3.39
155	1	Izze	[Grapefruit]	$3.39
156	1	Steak Burrito	[Fresh Tomato Salsa (Mild), [Cheese, Sour Cream, Lettuce]]	$8.99
156	1	Chicken Burrito	[Fresh Tomato Salsa (Mild), [Pinto Beans, Cheese, Sour Cream, Lettuce]]	$8.49
157	1	Chicken Burrito	[Tomatillo Red Chili Salsa, [Rice, Black Beans, Cheese, Sour Cream, Guacamole, Lettuce]]	$11.25
157	1	Chips	NULL	$2.15
158	1	Chicken Crispy Tacos	[Tomatillo Green Chili Salsa, [Black Beans, Cheese, Sour Cream, Guacamole, Lettuce]]	$11.25
158	1	Chips and Tomatillo Green Chili Salsa	NULL	$2.95
159	1	Chicken Burrito	[Roasted Chili Corn Salsa, [Rice, Fajita Vegetables, Black Beans, Cheese, Lettuce, Guacamole]]	$11.25
159	1	Canned Soft Drink	[Diet Coke]	$1.25
160	1	Steak Burrito	[Roasted Chili Corn Salsa (Medium), [Black Beans, Cheese, Sour Cream, Lettuce]]	$8.99
160	1	Canned Soda	[Diet Coke]	$1.09
161	1	Chicken Bowl	[Fresh Tomato Salsa, [Rice, Cheese, Sour Cream]]	$8.75
161	1	Chicken Burrito	[Fresh Tomato Salsa, [Rice, Cheese, Sour Cream]]	$8.75
162	1	Carnitas Burrito	[Fresh Tomato Salsa, [Rice, Pinto Beans, Sour Cream, Cheese]]	$9.25
162	1	Chips and Fresh Tomato Salsa	NULL	$2.95
163	1	Barbacoa Burrito	[Roasted Chili Corn Salsa, [Rice, Black Beans, Cheese, Lettuce, Guacamole]]	$11.75
163	1	Bottled Water	NULL	$1.50
164	1	Steak Burrito	[Roasted Chili Corn Salsa (Medium), [Rice, Black Beans, Sour Cream]]	$8.99
164	1	Canned Soda	[Mountain Dew]	$1.09
165	1	Chicken Bowl	[Fresh Tomato Salsa, [Rice, Black Beans, Cheese, Sour Cream, Guacamole]]	$11.25
165	1	Canned Soft Drink	[Coke]	$1.25
165	1	Canned Soft Drink	[Coke]	$1.25
166	1	Chicken Burrito	[Fresh Tomato Salsa, [Rice, Black Beans, Sour Cream, Cheese, Guacamole]]	$11.25
166	1	Steak Burrito	[Tomatillo Red Chili Salsa, [Rice, Fajita Vegetables, Sour Cream, Cheese, Lettuce, Guacamole]]	$11.75
166	1	Chips	NULL	$2.15
167	1	Barbacoa Burrito	[Tomatillo-Red Chili Salsa (Hot), [Rice, Cheese, Sour Cream, Lettuce]]	$8.99
167	1	Side of Chips	NULL	$1.69
168	1	Steak Bowl	[Tomatillo Red Chili Salsa, [Rice, Black Beans, Cheese, Sour Cream, Guacamole, Lettuce]]	$11.75
168	1	6 Pack Soft Drink	[Diet Coke]	$6.49
169	1	Chicken Burrito	[Fresh Tomato Salsa, [Cheese, Sour Cream]]	$8.75
169	1	Steak Soft Tacos	[Fresh Tomato Salsa, [Cheese, Sour Cream]]	$9.25
170	1	Chicken Burrito	[Fresh Tomato Salsa, [Fajita Vegetables, Rice, Pinto Beans, Cheese, Guacamole, Lettuce]]	$11.25
170	1	Chips and Guacamole	NULL	$4.45
170	1	Canned Soft Drink	[Coke]	$1.25
171	1	Veggie Burrito	[Tomatillo Green Chili Salsa, Guacamole]	$11.25
171	1	Chips and Guacamole	NULL	$4.45
172	1	Chicken Burrito	[Roasted Chili Corn Salsa (Medium), [Pinto Beans, Rice, Cheese, Sour Cream, Lettuce]]	$8.49
172	1	Barbacoa Burrito	[Tomatillo-Red Chili Salsa (Hot), [Pinto Beans, Rice, Cheese, Sour Cream, Lettuce]]	$8.99
173	1	Chicken Burrito	[Roasted Chili Corn Salsa (Medium), [Rice, Fajita Veggies, Cheese]]	$8.49
173	1	Carnitas Bowl	[[Fresh Tomato Salsa (Mild), Roasted Chili Corn Salsa (Medium)], [Rice, Cheese, Lettuce]]	$8.99
174	1	Chicken Burrito	[Roasted Chili Corn Salsa, [Rice, Black Beans, Cheese, Lettuce, Guacamole]]	$11.25
174	1	Canned Soft Drink	[Sprite]	$1.25
175	1	Steak Burrito	[Fresh Tomato Salsa, [Rice, Black Beans, Cheese, Sour Cream, Guacamole]]	$11.75
175	1	Canned Soft Drink	[Coke]	$1.25
176	1	Steak Burrito	[Fresh Tomato Salsa, [Rice, Pinto Beans, Cheese, Guacamole, Lettuce]]	$11.75
176	1	Carnitas Soft Tacos	[Fresh Tomato Salsa, [Cheese, Lettuce]]	$9.25
176	1	Chips and Guacamole	NULL	$4.45
177	1	Chicken Bowl	[Tomatillo Red Chili Salsa, [Rice, Black Beans, Cheese, Sour Cream, Guacamole, Lettuce]]	$11.25
177	1	Chips	NULL	$2.15
178	3	Chicken Bowl	[[Fresh Tomato Salsa (Mild), Tomatillo-Green Chili Salsa (Medium), Roasted Chili Corn Salsa (Medium)], [Black Beans, Rice, Fajita Veggies, Cheese, Guacamole, Lettuce]]	$32.94
179	1	Canned Soft Drink	[Coke]	$1.25
179	1	Chicken Bowl	[Tomatillo Green Chili Salsa, [Sour Cream, Cheese, Guacamole]]	$11.25
180	1	Steak Bowl	[Tomatillo-Red Chili Salsa (Hot), [Rice, Cheese, Sour Cream, Guacamole, Lettuce]]	$11.48
180	1	Side of Chips	NULL	$1.69
180	1	Canned Soda	[Dr. Pepper]	$1.09
181	2	Chicken Bowl	[Tomatillo Red Chili Salsa]	$17.50
182	1	Chips and Guacamole	NULL	$4.45
182	1	6 Pack Soft Drink	[Diet Coke]	$6.49
182	1	Barbacoa Bowl	[Fresh Tomato Salsa, [Fajita Vegetables, Rice, Black Beans, Cheese]]	$9.25
183	1	Chicken Soft Tacos	[Fresh Tomato Salsa, [Fajita Vegetables, Rice, Cheese, Sour Cream, Lettuce]]	$8.75
183	1	Steak Burrito	[Tomatillo Green Chili Salsa, [Fajita Vegetables, Rice, Cheese, Sour Cream, Lettuce]]	$9.25
184	1	Carnitas Burrito	[Fresh Tomato Salsa, [Rice, Cheese, Sour Cream, Lettuce]]	$9.25
184	1	Chicken Bowl	[Roasted Chili Corn Salsa, [Rice, Lettuce]]	$8.75
184	1	Chicken Burrito	[Roasted Chili Corn Salsa, [Rice, Black Beans, Cheese, Sour Cream, Lettuce]]	$8.75
184	1	Chips	NULL	$2.15
184	1	Chips and Fresh Tomato Salsa	NULL	$2.95
185	2	Chicken Soft Tacos	[Fresh Tomato Salsa, [Sour Cream, Lettuce]]	$17.50
186	1	Chicken Soft Tacos	[[Tomatillo-Red Chili Salsa (Hot), Roasted Chili Corn Salsa (Medium)], [Guacamole, Cheese, Sour Cream]]	$10.98
186	1	Steak Bowl	[[Roasted Chili Corn Salsa (Medium), Tomatillo-Red Chili Salsa (Hot)], [Rice, Cheese, Sour Cream, Guacamole]]	$11.48
186	1	Barbacoa Crispy Tacos	[[Roasted Chili Corn Salsa (Medium), Tomatillo-Red Chili Salsa (Hot)], [Cheese, Sour Cream, Guacamole]]	$11.48
186	1	Izze	[Grapefruit]	$3.39
187	1	Steak Burrito	[Tomatillo-Red Chili Salsa (Hot), [Rice, Cheese, Sour Cream, Lettuce]]	$8.99
187	1	Side of Chips	NULL	$1.69
188	1	Carnitas Bowl	[Tomatillo-Red Chili Salsa (Hot), [Black Beans, Rice, Fajita Veggies, Cheese, Sour Cream, Lettuce]]	$8.99
188	1	Canned Soda	[Coca Cola]	$1.09
189	1	Veggie Burrito	[[Roasted Chili Corn Salsa (Medium), Fresh Tomato Salsa (Mild)], [Rice, Black Beans, Pinto Beans, Fajita Veggies, Guacamole, Lettuce]]	$10.98
189	1	Nantucket Nectar	[Pomegranate Cherry]	$3.39
190	1	Steak Crispy Tacos	[[Roasted Chili Corn Salsa (Medium), Tomatillo-Green Chili Salsa (Medium)], [Rice, Black Beans, Cheese, Sour Cream]]	$8.99
190	1	Canned Soda	[Dr. Pepper]	$1.09
191	1	Steak Burrito	[Tomatillo Green Chili Salsa, [Fajita Vegetables, Rice, Cheese, Sour Cream, Lettuce]]	$9.25
191	1	Chicken Soft Tacos	[Roasted Chili Corn Salsa, [Fajita Vegetables, Rice, Cheese, Sour Cream, Lettuce]]	$8.75
192	1	Chicken Burrito	[Roasted Chili Corn Salsa, [Rice, Fajita Vegetables, Black Beans, Sour Cream, Cheese, Lettuce, Guacamole]]	$11.25
192	1	Chips and Guacamole	NULL	$4.45
192	1	Chips and Tomatillo Red Chili Salsa	NULL	$2.95
192	1	Steak Bowl	[Tomatillo Red Chili Salsa, [Rice, Pinto Beans, Cheese]]	$9.25
193	3	Bowl	[Braised Carnitas, Pinto Beans, [Sour Cream, Cheese, Cilantro-Lime Rice]]	$22.20
194	1	Chicken Burrito	[Roasted Chili Corn Salsa (Medium), [Rice, Fajita Veggies, Cheese]]	$8.49
194	1	Steak Burrito	[Fresh Tomato Salsa (Mild), [Black Beans, Rice, Cheese, Sour Cream, Lettuce]]	$8.99
195	1	Chicken Burrito	[Fresh Tomato Salsa, [Rice, Cheese, Sour Cream, Lettuce]]	$8.75
195	1	Chicken Bowl	[Fresh Tomato Salsa, [Rice, Black Beans, Cheese, Lettuce]]	$8.75
195	1	Barbacoa Burrito	[Fresh Tomato Salsa, [Fajita Vegetables, Rice, Cheese, Sour Cream, Guacamole, Lettuce]]	$11.75
195	1	Chicken Burrito	[Fresh Tomato Salsa, [Fajita Vegetables, Rice, Cheese, Sour Cream]]	$8.75
195	1	Chicken Burrito	[Fresh Tomato Salsa, [Rice, Black Beans, Cheese, Sour Cream, Guacamole, Lettuce]]	$11.25
195	1	Carnitas Soft Tacos	[Fresh Tomato Salsa, [Sour Cream, Lettuce]]	$9.25
195	1	Chicken Bowl	[Fresh Tomato Salsa, [Rice, Black Beans, Cheese, Sour Cream, Guacamole, Lettuce]]	$11.25
195	1	Veggie Salad Bowl	[Fresh Tomato Salsa, [Fajita Vegetables, Rice, Black Beans, Cheese, Guacamole, Lettuce]]	$11.25
196	1	Chicken Bowl	[Fresh Tomato Salsa, [Rice, Black Beans, Cheese]]	$8.75
196	1	Chicken Burrito	[Fresh Tomato Salsa, [Black Beans, Cheese, Guacamole, Lettuce]]	$11.25
196	1	Chips and Fresh Tomato Salsa	NULL	$2.95
196	1	Canned Soft Drink	[Coke]	$1.25
197	1	Chicken Bowl	[Fresh Tomato Salsa (Mild), [Black Beans, Rice, Fajita Veggies, Cheese, Sour Cream, Lettuce]]	$8.49
197	1	Side of Chips	NULL	$1.69
198	1	Carnitas Burrito	[Fresh Tomato Salsa, [Rice, Black Beans, Cheese, Sour Cream, Guacamole, Lettuce]]	$11.75
198	1	Chicken Burrito	[Fresh Tomato Salsa, [Rice, Black Beans, Cheese, Sour Cream, Guacamole, Lettuce]]	$11.25
199	1	Chicken Bowl	[Tomatillo Green Chili Salsa, [Rice, Black Beans, Cheese]]	$8.75
199	1	Chicken Bowl	[Roasted Chili Corn Salsa, [Rice, Fajita Vegetables, Black Beans, Sour Cream, Cheese, Lettuce]]	$8.75
199	1	Chips and Guacamole	NULL	$4.45
200	1	Veggie Burrito	[Fresh Tomato Salsa (Mild), [Pinto Beans, Rice, Cheese, Sour Cream]]	$8.49
200	1	Chips and Guacamole	NULL	$3.99
201	1	Veggie Burrito	[Fresh Tomato Salsa (Mild), [Pinto Beans, Rice, Sour Cream, Cheese]]	$8.49
201	1	Chips and Guacamole	NULL	$3.99
202	1	Barbacoa Bowl	[[Tomatillo-Green Chili Salsa (Medium), Roasted Chili Corn Salsa (Medium)], [Black Beans, Rice, Cheese, Guacamole]]	$11.48
202	1	Side of Chips	NULL	$1.69
202	1	Canned Soda	[Diet Dr. Pepper]	$1.09
203	1	Chicken Soft Tacos	[Roasted Chili Corn Salsa, [Rice, Cheese, Lettuce, Guacamole]]	$11.25
203	1	Bottled Water	NULL	$1.50
204	1	Chicken Burrito	[Fresh Tomato (Mild), [Guacamole, Lettuce, Rice, Fajita Veggies, Sour Cream, Cheese]]	$10.58
204	1	Side of Chips	NULL	$1.69
205	1	Carnitas Burrito	[Fresh Tomato Salsa, [Fajita Vegetables, Rice, Black Beans, Cheese, Sour Cream, Lettuce]]	$9.25
205	1	Veggie Burrito	[Roasted Chili Corn Salsa, [Fajita Vegetables, Rice, Black Beans, Cheese, Sour Cream, Guacamole, Lettuce]]	$11.25
205	1	Chicken Bowl	[Fresh Tomato Salsa, [Fajita Vegetables, Rice, Black Beans, Cheese]]	$8.75
205	1	Steak Burrito	[Tomatillo Red Chili Salsa, [Rice, Black Beans, Cheese, Sour Cream, Lettuce]]	$9.25
205	1	Chicken Burrito	[Fresh Tomato Salsa, [Rice, Black Beans, Cheese, Sour Cream, Guacamole, Lettuce]]	$11.25
205	1	Chicken Bowl	[Fresh Tomato Salsa, [Rice, Black Beans, Cheese, Sour Cream, Guacamole, Lettuce]]	$11.25
205	1	Chicken Bowl	[Fresh Tomato Salsa, [Fajita Vegetables, Rice, Black Beans, Cheese]]	$8.75
205	1	Barbacoa Crispy Tacos	[Fresh Tomato Salsa, Guacamole]	$11.75
205	1	Chicken Burrito	[Fresh Tomato Salsa, Cheese]	$8.75
205	1	Chicken Burrito	[Fresh Tomato Salsa, [Rice, Cheese, Lettuce]]	$8.75
205	1	Chicken Bowl	[Fresh Tomato Salsa, [Rice, Black Beans, Cheese, Sour Cream, Lettuce]]	$8.75
205	1	Chips	NULL	$2.15
206	1	Chicken Bowl	[Fresh Tomato Salsa, [Fajita Vegetables, Rice, Cheese, Sour Cream, Guacamole]]	$11.25
206	1	Steak Bowl	[Fresh Tomato Salsa, [Fajita Vegetables, Rice, Cheese, Sour Cream, Guacamole]]	$11.75
206	2	Canned Soft Drink	[Diet Coke]	$2.50
206	1	Chips and Guacamole	NULL	$4.45
207	1	Steak Soft Tacos	[Fresh Tomato Salsa, [Sour Cream, Cheese]]	$9.25
207	1	Chips and Guacamole	NULL	$4.45
207	1	Veggie Salad Bowl	[Fresh Tomato Salsa, [Rice, Lettuce, Guacamole, Fajita Vegetables, Cheese, Sour Cream, Black Beans]]	$11.25
208	1	Veggie Burrito	[Fresh Tomato Salsa (Mild), [Pinto Beans, Cheese]]	$8.49
208	1	Chips and Guacamole	NULL	$3.99
209	1	Steak Bowl	[Tomatillo Green Chili Salsa, [Fajita Vegetables, Rice, Lettuce]]	$9.25
209	1	Steak Bowl	[Fresh Tomato Salsa, [Rice, Cheese, Sour Cream]]	$9.25
210	1	Chicken Bowl	[Roasted Chili Corn Salsa, [Fajita Vegetables, Rice, Black Beans, Guacamole]]	$11.25
210	1	Barbacoa Burrito	[Tomatillo Green Chili Salsa, [Rice, Black Beans, Cheese, Lettuce]]	$9.25
211	1	Steak Burrito	[Roasted Chili Corn Salsa, [Rice, Black Beans, Sour Cream, Lettuce, Guacamole]]	$11.75
211	1	Chicken Soft Tacos	[Roasted Chili Corn Salsa, [Rice, Cheese, Lettuce, Guacamole]]	$11.25
212	1	Canned Soft Drink	[Lemonade]	$1.25
212	2	Carnitas Bowl	[Roasted Chili Corn Salsa, [Fajita Vegetables, Rice, Black Beans, Cheese, Sour Cream, Guacamole, Lettuce]]	$23.50
212	1	Canned Soft Drink	[Coke]	$1.25
213	1	Steak Burrito	[Tomatillo-Red Chili Salsa (Hot), Rice]	$8.99
213	1	Chicken Bowl	[Tomatillo-Red Chili Salsa (Hot), Rice]	$8.49
214	1	Burrito	[Adobo-Marinated and Grilled Chicken, Pinto Beans, [Sour Cream, Salsa, Cheese, Cilantro-Lime Rice, Guacamole]]	$7.40
214	1	Burrito	[Braised Barbacoa, Vegetarian Black Beans, [Sour Cream, Salsa, Cheese, Cilantro-Lime Rice]]	$7.40
215	1	Veggie Bowl	[Roasted Chili Corn Salsa, [Rice, Black Beans, Sour Cream, Lettuce]]	$8.75
215	1	Canned Soft Drink	[Diet Coke]	$1.25
215	1	Chips and Guacamole	NULL	$4.45
215	1	Veggie Bowl	[Fresh Tomato Salsa, [Fajita Vegetables, Rice, Black Beans, Cheese, Sour Cream, Lettuce]]	$8.75
215	1	Chips	NULL	$2.15
216	1	Chicken Burrito	[Tomatillo Green Chili Salsa, [Rice, Black Beans, Cheese, Sour Cream]]	$8.75
216	1	Chips and Guacamole	NULL	$4.45
217	1	Burrito	[Braised Barbacoa, Pinto Beans, [Sour Cream, Salsa, Cheese, Cilantro-Lime Rice, Guacamole]]	$7.40
217	1	Crispy Tacos	[Adobo-Marinated and Grilled Steak]	$7.40
217	1	Crispy Tacos	[Adobo-Marinated and Grilled Chicken]	$7.40
218	1	Steak Burrito	[Fresh Tomato Salsa (Mild), [Pinto Beans, Rice, Sour Cream]]	$8.99
218	1	Chips and Guacamole	NULL	$3.99
219	1	Steak Bowl	[Tomatillo-Red Chili Salsa (Hot), [Pinto Beans, Rice, Cheese, Sour Cream, Lettuce]]	$8.99
219	1	Side of Chips	NULL	$1.69
220	1	Chicken Salad Bowl	[Roasted Chili Corn Salsa, [Black Beans, Sour Cream, Cheese, Lettuce]]	$8.75
220	1	Chicken Bowl	[Fresh Tomato Salsa, [Rice, Black Beans, Sour Cream, Cheese]]	$8.75
